tradeDate,preClosePrice,highestPrice,lowestPrice
"2014-01-02",24.1,24.76,23.66
"2014-01-03",24.67,24.85,24.21
"2014-01-06",24.56,24.55,22.67
"2014-01-07",22.73,23.56,22.73
"2014-01-08",23.35,23.7,23
"2014-01-09",23.58,23.65,22.54
"2014-01-10",22.55,22.66,22.06
"2014-01-13",22.09,22.5,21.8
"2014-01-14",22.08,22.45,21.5
"2014-01-15",22.45,22.78,22.2
"2014-01-16",22.67,23.46,22.48
"2014-01-17",23.26,23.04,22.3
"2014-01-20",22.31,22.43,21.51
"2014-01-21",21.59,22.13,21.54
"2014-01-22",21.99,22.75,21.97
"2014-01-23",22.68,22.93,22.55
"2014-01-24",22.72,23.46,22.71
"2014-01-27",23.17,23.27,22.6
"2014-01-28",22.88,22.87,21.83
"2014-01-29",22.01,22.53,21.82
"2014-01-30",22.5,22.5,22.04
"2014-02-07",22.19,22.3,21.49
"2014-02-10",22.29,23.58,22.18
"2014-02-11",23.58,23.57,23.08
"2014-02-12",23.37,24.13,23.1
"2014-02-13",24.11,24.88,23.6
"2014-02-14",23.66,24.08,23.51
"2014-02-17",24.08,24.69,24.02
"2014-02-18",24.65,24.7,23.83
"2014-02-19",24.18,24.3,23.7
"2014-02-20",24.2,24.19,23.18
"2014-02-21",23.2,23.57,22.98
"2014-02-24",23.2,23.72,23.06
"2014-02-25",23.72,23.8,21.75
"2014-02-26",22,22.27,21.5
"2014-02-27",22.15,22.59,21.6
"2014-02-28",21.73,21.61,20.34
"2014-03-03",21.2,22.09,20.92
"2014-03-04",22.08,22.39,21.69
"2014-03-05",22.1,22.38,21.55
"2014-03-06",21.7,21.7,21.1
"2014-03-07",21.46,22.45,21.44
"2014-03-10",22.19,22,21.1
"2014-03-11",21.12,21.25,20.8
"2014-03-12",21.02,21.67,20.8
"2014-03-13",21.5,21.6,21.27
"2014-03-14",21.54,21.5,21.13
"2014-03-17",21.21,21.84,21.1
"2014-03-18",21.78,22.4,21.64
"2014-03-19",21.98,22.84,21.48
"2014-03-20",22.65,22.59,21.69
"2014-03-21",21.7,22.37,21.53
"2014-03-24",22.24,22.52,22.03
"2014-03-25",22.31,22.61,22.29
"2014-03-26",22.5,22.68,22.15
"2014-03-27",22.28,22.3,20.88
"2014-03-28",20.9,21,20.41
"2014-03-31",20.46,20.7,20.4
"2014-04-01",20.5,20.75,20.4
"2014-04-02",20.7,20.84,20.31
"2014-04-03",20.42,20.99,20.5
"2014-04-04",20.93,21.28,20.74
"2014-04-08",21,21.14,20.65
"2014-04-09",20.98,21.3,20.98
"2014-04-10",21.26,21.42,21.11
"2014-04-11",21.22,21.2,20.71
"2014-04-14",20.89,21.34,20.78
"2014-04-15",21.31,21.47,21.05
"2014-04-16",21.36,21.35,21.04
"2014-04-17",21.16,21.77,21.16
"2014-04-18",21.51,20.95,20.35
"2014-04-21",20.59,20.77,20.35
"2014-04-22",20.49,20.6,19.49
"2014-04-23",19.89,19.98,19.68
"2014-04-24",19.91,19.98,19.66
"2014-04-25",19.9,20.13,19.16
"2014-04-28",19.23,19.27,18.3
"2014-04-29",18.35,18.71,18.36
"2014-04-30",18.65,19.12,18.54
"2014-05-05",19.03,18.99,18.62
"2014-05-06",18.88,19.34,18.83
"2014-05-07",19.18,20.8,18.9
"2014-05-08",20.43,20.79,19.76
"2014-05-09",20.5,21.5,20.2
"2014-05-12",21.1,21.1,20.32
"2014-05-13",20.78,20.89,20.23
"2014-05-14",20.33,20.6,20.05
"2014-05-15",20.21,20.36,19.41
"2014-05-16",19.41,19.56,19
"2014-05-19",19.21,19.45,19.01
"2014-05-20",19.44,19.74,19.36
"2014-05-21",19.57,19.66,19.22
"2014-05-22",19.55,19.77,19.11
"2014-05-23",19.68,19.74,19.33
"2014-05-26",19.54,20.08,19.5
"2014-05-27",20.08,20.24,19.76
"2014-05-28",19.81,20.08,19.76
"2014-05-29",19.93,20.04,19.43
"2014-05-30",19.49,19.66,19.44
"2014-06-03",19.53,19.66,19.37
"2014-06-04",19.39,19.39,19.06
"2014-06-05",19.11,19.66,19.1
"2014-06-06",19.65,19.77,19.53
"2014-06-09",19.59,19.84,19.5
"2014-06-10",19.59,19.83,19.31
"2014-06-11",19.76,19.97,19.66
"2014-06-12",19.93,19.95,19.7
"2014-06-13",19.82,20.26,19.75
"2014-06-16",20.13,20.24,20.05
"2014-06-17",20.15,20.57,20.08
"2014-06-18",20.35,20.74,20.3
"2014-06-19",20.33,21,20.2
"2014-06-20",20.46,21.57,20.36
"2014-06-23",21.54,23.35,21.87
"2014-06-24",22.42,22.47,21.86
"2014-06-25",22.21,22.1,21.55
"2014-06-26",21.78,22.79,21.62
"2014-06-27",22.77,22.61,22.07
"2014-06-30",22.14,22.16,21.82
"2014-07-01",22.06,22.47,21.86
"2014-07-02",22.36,22.86,22.22
"2014-07-03",22.69,22.8,22.32
"2014-07-04",22.35,22.72,21.75
"2014-07-07",22.02,22.16,21.7
"2014-07-08",21.98,22.84,21.9
"2014-07-09",22.6,22.7,22.01
"2014-07-10",22.03,22.97,21.83
"2014-07-11",22.46,22.85,22.31
"2014-07-14",22.72,23.56,22.59
"2014-07-15",23.26,23.26,22.6
"2014-07-16",22.82,22.87,22.26
"2014-07-17",22.28,22.23,21.89
"2014-07-18",22.09,22.41,21.98
"2014-07-21",22.05,22.24,21.35
"2014-07-22",21.58,22.2,21.59
"2014-07-23",21.95,22.07,21.32
"2014-07-24",21.34,21.48,20.85
"2014-07-25",21.07,21.47,21.01
"2014-07-28",21.31,21.79,21.27
"2014-07-29",21.76,21.92,21.65
"2014-07-30",21.81,22,21.67
"2014-07-31",21.89,22.23,21.8
"2014-08-01",22.16,22.36,21.76
"2014-08-04",21.76,22.49,21.78
"2014-08-05",22.48,23.15,22.5
"2014-08-06",22.68,22.78,22.35
"2014-08-07",22.65,22.67,22.08
"2014-08-08",22.15,22.44,22.15
"2014-08-11",22.38,22.75,22.26
"2014-08-12",22.59,22.79,22.5
"2014-08-13",22.78,25.06,23.08
"2014-08-14",24.54,24.5,23.9
"2014-08-15",24.25,24.41,24
"2014-08-18",24.25,24.57,23.98
"2014-08-19",24.5,24.79,23.58
"2014-08-20",24.03,24.31,23.8
"2014-08-21",24.15,24.26,23.73
"2014-08-22",24,24.15,23.88
"2014-08-25",24.06,24.38,23.83
"2014-08-26",24.09,23.88,22.89
"2014-08-27",23,23.16,22.86
"2014-08-28",22.9,23.24,22.83
"2014-08-29",22.95,23.36,22.92
"2014-09-01",23.28,23.96,23.52
"2014-09-02",23.75,24.1,23.62
"2014-09-03",24.06,24.33,23.96
"2014-09-04",24.32,24.4,24.12
"2014-09-05",24.35,24.37,23.98
"2014-09-09",24.21,24.55,24.11
"2014-09-10",24.36,24.82,24.12
"2014-09-11",24.69,24.92,24.32
"2014-09-12",24.39,25.1,24.2
"2014-09-15",25.1,25.33,24.82
"2014-09-16",25.25,25.97,24.42
"2014-09-17",24.5,24.73,24.22
"2014-09-18",24.59,24.88,24.38
"2014-09-19",24.7,25.23,24.69
"2014-09-22",24.96,24.89,24.32
"2014-09-23",24.45,24.83,24.3
"2014-09-24",24.78,25.26,24.51
"2014-09-25",25.26,25.44,25
"2014-09-26",25.1,25.6,24.8
"2014-09-29",25.59,25.92,25.5
"2014-09-30",25.88,26.1,25.73
"2014-10-08",26.01,26.38,25.85
"2014-10-09",26.31,26.93,25.97
"2014-10-10",26.46,27.73,26.14
"2014-10-13",27.41,27.63,26.9
"2014-10-14",27.32,27.7,26.45
"2014-10-15",27,27.28,26.5
"2014-10-16",26.99,27.3,26.6
"2014-10-17",27.18,27.4,26.01
"2014-10-20",26.88,27.4,26.81
"2014-10-21",27.18,27.36,26.1
"2014-10-22",26.62,27.01,25.99
"2014-10-23",25.99,25.94,24.82
"2014-10-24",24.82,25.17,24.68
"2014-10-27",25.06,25.49,24.7
"2014-10-28",25.47,26.25,25.32
"2014-10-29",26.19,26.72,26.22
"2014-10-30",26.39,26.74,26.31
"2014-10-31",26.64,26.9,26.41
"2014-11-03",26.9,27.7,26.8
"2014-11-04",27.63,27.71,26.58
"2014-11-05",26.7,27.16,26.38
"2014-11-06",26.93,28.48,26.91
"2014-11-07",28.24,28.5,27.49
"2014-11-10",27.62,28.27,27.53
"2014-11-11",28.09,28.38,26.6
"2014-11-12",27.01,27.63,26.73
"2014-11-13",27.61,27.49,26.4
"2014-11-14",26.71,26.88,26.03
"2014-11-17",26.38,26.94,26.3
"2014-11-18",26.86,26.89,26.26
"2014-11-19",26.49,27.07,26.38
"2014-11-20",26.85,26.79,26.46
"2014-11-21",26.51,26.95,26.4
"2014-11-24",26.86,27.3,26.56
"2014-11-25",27.15,27.65,27.1
"2014-11-26",27.57,27.72,27.04
"2014-11-27",27.4,27.96,27.33
"2014-11-28",27.55,28.5,27.4
"2014-12-01",27.65,27.74,26.78
"2014-12-02",26.98,27.77,26.8
"2014-12-03",27.5,28.08,27.35
"2014-12-04",27.96,28.38,27.8
"2014-12-05",27.94,27.85,26.5
"2014-12-08",26.53,26.66,26.27
"2014-12-09",26.54,26.4,24.75
"2014-12-10",24.84,25.63,24.49
"2014-12-11",25.62,25.85,25.32
"2014-12-12",25.7,25.95,25.6
"2014-12-15",25.91,28.08,25.7
"2014-12-16",28.08,27.32,26.7
"2014-12-17",27.18,27.18,26.12
"2014-12-18",26.26,26.63,25.88
"2014-12-19",25.88,25.89,24.8
"2014-12-22",25.18,25.03,23.33
"2014-12-23",23.59,23.98,22.9
"2014-12-24",23.8,25.18,23.68
"2014-12-25",25,25.66,24.66
"2014-12-26",25.48,25.6,24.95
"2014-12-29",25.5,26.04,24.72
"2014-12-30",25.89,25.88,24.28
"2014-12-31",24.45,24,23.15
"2015-01-05",23.64,23.72,22.96
"2015-01-06",23.31,24.05,23.11
"2015-01-07",23.94,23.9,23.3
"2015-01-08",23.58,23.58,23
"2015-01-09",23.31,23.53,23.08
"2015-01-12",23.1,23.37,22.86
"2015-01-13",22.97,23.48,22.8
"2015-01-14",23.48,24.15,23.35
"2015-01-15",23.75,24.07,23.59
"2015-01-16",23.89,25.89,23.75
"2015-01-19",25.13,24.93,23.86
"2015-01-20",24.37,25.14,24.3
"2015-01-21",25.09,25.44,24.91
"2015-01-22",25.25,25.55,25.15
"2015-01-23",25.25,26.5,25.26
"2015-01-26",26.31,26.88,26.14
"2015-01-27",26.88,26.83,26.1
"2015-01-28",26.57,26.7,26.05
"2015-01-29",26.4,26.4,26.08
"2015-01-30",26.27,26.44,25.21
"2015-02-02",25.25,25.3,24
"2015-02-03",24.98,25.48,24.78
"2015-02-04",25.48,25.57,24.81
"2015-02-05",24.91,25.18,24.5
"2015-02-06",24.54,24.52,23.82
"2015-02-09",23.82,24.1,23.62
"2015-02-10",23.62,24.14,23.63
"2015-02-11",24.11,24.48,24.01
"2015-02-12",24.36,24.47,24.2
"2015-02-13",24.4,24.91,24.45
"2015-02-16",24.74,25.1,24.65
"2015-02-17",25.05,25.15,24.75
"2015-02-25",24.99,25.05,24.65
"2015-02-26",24.85,25.05,24.71
"2015-02-27",25,25.12,24.92
"2015-03-02",25.03,25.6,24.97
"2015-03-03",25.57,27.99,25.37
"2015-03-04",26.11,26.38,25.86
"2015-03-05",26.1,26.5,26.03
"2015-03-06",26.38,26.78,25.9
"2015-03-09",26.19,26.26,25.82
"2015-03-10",26.18,26.65,26.13
"2015-03-11",26.41,26.6,26.06
"2015-03-12",26.4,26.51,26
"2015-03-13",26.39,26.66,26.25
"2015-03-16",26.63,27.3,26.64
"2015-03-17",27.15,27.46,27.01
"2015-03-18",27.46,27.94,27.26
"2015-03-19",27.71,27.89,27.27
"2015-03-20",27.56,27.8,27.41
"2015-03-23",27.7,28.59,27.55
"2015-03-24",28.48,29.76,27.9
"2015-03-25",29.5,30.42,29.1
"2015-03-26",29.65,29.76,28.6
"2015-03-27",28.8,29.47,28.81
"2015-03-30",29.22,30.05,29.13
"2015-03-31",29.3,29.78,28.82
"2015-04-01",29.11,30.17,29.15
"2015-04-02",29.95,31.3,29.96
"2015-04-03",30.92,31.84,30.32
"2015-04-07",31.58,33.98,31.75
"2015-04-08",33.2,33.79,31.64
"2015-04-09",33.03,33.01,30.3
"2015-04-10",32.03,35.23,31.42
"2015-04-13",35.23,36.6,35.04
"2015-04-14",35.85,35.8,34.71
"2015-04-15",35.26,35.25,33.28
"2015-04-16",33.42,34.35,32.51
"2015-04-17",33.9,34.55,33.45
"2015-04-20",33.5,35.45,33.35
"2015-04-21",33.77,36,33.83
"2015-04-22",35.78,37.08,35.67
"2015-04-23",36.06,36.38,35.01
"2015-04-24",35.8,35.45,32.22
"2015-04-27",35.1,36.2,34.81
"2015-04-28",35.21,35.36,31.98
"2015-04-29",32.96,33.65,32.28
"2015-04-30",33.35,33.88,32.61
"2015-05-04",32.72,33.56,32.51
"2015-05-05",33.55,33.83,32.8
"2015-05-06",32.81,33.65,32.61
"2015-05-07",32.79,32.77,31.33
"2015-05-08",31.54,32.58,31.8
"2015-05-11",32.55,35.81,32.65
"2015-05-12",35.81,37.87,35.9
"2015-05-13",37.11,38.83,36.55
"2015-05-14",38.35,40.56,37.7
"2015-05-15",39.14,40.18,38.5
"2015-05-18",39.75,41.65,39.01
"2015-05-19",41.4,42.96,40.61
"2015-05-20",42.62,46.49,42.3
"2015-05-21",44.29,46,44.03
"2015-05-22",45.11,46.5,44.7
"2015-05-25",46,46.97,44.81
"2015-05-26",45.88,50.47,45.6
"2015-05-27",50.47,55.48,49.96
"2015-05-28",52.12,53.77,47.01
"2015-05-29",48.02,51,45.45
"2015-06-01",49.83,54.81,49.7
"2015-06-02",54.81,57.77,54.07
"2015-06-03",57.5,59.88,55.77
"2015-06-04",57.75,58.46,52.03
"2015-06-05",55.88,57.47,53.82
"2015-06-08",54.85,57.16,53.3
"2015-06-09",56.27,58,54.61
"2015-06-10",54.62,56.25,53.81
"2015-06-11",55.3,59.95,54.88
"2015-06-12",56.95,58.7,56.12
"2015-06-15",57.5,58.2,53.8
"2015-06-16",54.35,57.49,50.66
"2015-06-17",50.68,52.55,48.7
"2015-06-18",52.15,53.07,50
"2015-06-19",50.95,52.95,46.98
"2015-06-23",46.98,48.99,44.97
"2015-06-24",47.7,48.7,46.99
"2015-06-25",48.32,48.7,45
"2015-06-26",46.15,45,41.54
"2015-06-29",41.54,42.36,37.39
"2015-06-30",37.39,40.49,33.65
"2015-07-01",38.9,40.67,35.01
"2015-07-02",35.01,37,31.7
"2015-07-03",35.51,38.99,33.03
"2015-07-06",35.85,39,32.27
"2015-07-07",33.88,31.5,30.49
"2015-07-08",30.49,29,27.44
"2015-07-09",27.66,30.43,25.6
"2015-07-10",30.43,33.47,32.67
"2015-07-13",33.47,36.82,35.45
"2015-07-14",36.82,40.5,36.82
"2015-07-15",40.5,41.5,37.8
"2015-07-16",25.33,26.5,22.89
"2015-07-17",25,27.5,25.1
"2015-07-20",27.49,30.24,28.54
"2015-07-21",30.24,30.92,28.6
"2015-07-22",30.31,30.8,28.8
"2015-07-23",30.34,30.91,29.23
"2015-07-24",30.62,33,29.4
"2015-07-27",30.89,31.48,27.8
"2015-07-28",27.8,28,25.02
"2015-07-29",25.3,27.2,24.07
"2015-07-30",26.89,27.5,25.3
"2015-07-31",25.4,25.35,23.3
"2015-08-03",24.02,24.7,21.71
"2015-08-04",22.15,24.37,22.15
"2015-08-05",24.37,26.2,24.37
"2015-08-06",25.4,27.17,24.37
"2015-08-07",27.17,29.89,26.51
"2015-08-10",29.89,32.19,29.3
"2015-08-11",32.13,33.46,30.6
"2015-08-12",31.97,32,30.7
"2015-08-13",31.52,34.67,31.7
"2015-08-14",34.67,35.4,32.81
"2015-08-17",33.09,32.8,30.78
"2015-08-18",31.97,33.25,28.77
"2015-08-19",28.77,31.47,26.17
"2015-08-20",30.51,30.37,28.02
"2015-08-21",28.5,29.68,26.38
"2015-08-24",27.72,27.16,24.95
"2015-08-25",24.95,23.53,22.46
"2015-08-26",22.46,23.45,20.21
"2015-08-27",20.21,21.43,19.48
"2015-08-28",21.3,23.18,21.6
"2015-08-31",23.03,22.95,21
"2015-09-01",21.03,20.91,18.93
"2015-09-02",18.93,19.98,17.31
"2015-09-07",17.7,18.79,17.97
"2015-09-08",18.16,19.81,17.7
"2015-09-09",19.78,20.93,19.6
"2015-09-10",20.73,20.88,19.9
"2015-09-11",20.24,21,19.61
"2015-09-14",20.24,21.9,18.81
"2015-09-15",19.2,18.85,17.33
"2015-09-16",17.36,19.1,17.46
"2015-09-17",19.1,20.27,18.7
"2015-09-18",18.8,19.57,18.87
"2015-09-21",19.41,20.5,19.02
"2015-09-22",20.21,20.56,19.7
"2015-09-23",20.1,20.42,19.62
"2015-09-24",20.42,22.45,20.51
"2015-09-25",22.45,22.28,20.22
"2015-09-28",21.3,22.17,20.5
"2015-09-29",22.15,21.9,20.85
"2015-09-30",21.48,21.59,20.8
"2015-10-08",21.27,23,21.5
"2015-10-09",23,23.38,22.37
"2015-10-12",23.3,24.33,22.91
"2015-10-13",23.17,23.33,22.83
"2015-10-14",23.16,23.96,22.84
"2015-10-15",23.24,23.6,22.56
"2015-10-16",23.47,23.98,23.01
"2015-10-19",23.45,24.3,23.21
"2015-10-20",24.28,24.12,23.6
"2015-10-21",24.08,24.16,21.67
"2015-10-22",21.67,22.35,21.3
"2015-10-23",22.28,22.9,22.23
"2015-10-26",22.83,23.5,22.91
"2015-10-27",23.09,23.05,20.8
"2015-10-28",22.78,23.48,22.48
"2015-10-29",22.92,23.31,22.6
"2015-10-30",23.2,24.4,22.91
"2015-11-02",24,25.57,23.32
"2015-11-03",25.25,25.44,24.6
"2015-11-04",25.07,26.76,24.95
"2015-11-05",26.6,27.88,25.85
"2015-11-06",26.64,27.38,26.5
"2015-11-09",26.87,26.87,26.03
"2015-11-10",26.59,27.5,26.27
"2015-11-11",27.15,28.5,27
"2015-11-12",27.6,28.39,26.9
"2015-11-13",27.72,27.88,26.31
"2015-11-16",26.31,27.7,25.32
"2015-11-17",27.7,28.45,27.36
"2015-11-18",27.41,28.02,26.7
"2015-11-19",27.5,28.01,26.81
"2015-11-20",28.01,29.99,27.91
"2015-11-23",29.1,29.61,28.51
"2015-11-24",29.15,29.86,28.65
"2015-11-25",29.79,31.8,29.66
"2015-11-26",31.78,31.81,30.7
"2015-11-27",30.88,32.26,28.61
"2015-11-30",29.28,30.29,27
"2015-12-01",30.29,31.15,29.35
"2015-12-02",30.28,30,27.32
"2015-12-03",28.81,29.88,28.74
"2015-12-04",29.7,30.68,29.3
"2015-12-07",30.39,31.82,30.21
"2015-12-08",31.52,31.38,30.03
"2015-12-09",30.21,30.15,28.5
"2015-12-10",28.59,29.2,27.4
"2015-12-11",28.01,28.21,27.41
"2015-12-14",28.21,29.57,27.61
"2015-12-15",29.45,29.8,29.03
"2015-12-16",29.53,30.79,29.5
"2015-12-17",30.46,31.38,30.5
"2015-12-18",31.1,31.48,30.3
"2015-12-21",30.75,31.49,30.4
"2015-12-22",31.25,32.88,31.3
"2015-12-23",32.6,33.94,32.03
"2015-12-24",32.48,32.45,31.01
"2015-12-25",32.38,33.38,32.01
"2015-12-28",32.59,32.93,31
"2015-12-29",31.17,31.77,30.53
"2015-12-30",31.77,33.17,31.32
"2015-12-31",33,33.24,32
"2016-01-04",32.01,31.61,28.81
"2016-01-05",28.84,29.71,26.2
"2016-01-06",29.18,29.5,28
"2016-01-07",29.26,28.9,26.33
"2016-01-08",26.34,27.86,24.02
"2016-01-11",25.95,25.5,24
"2016-01-12",24.2,24.68,23.67
"2016-01-13",24.13,24.67,22.03
"2016-01-14",22.5,23.11,21.18
"2016-01-15",22.95,23.38,21.28
"2016-01-18",21.59,22.79,21.01
"2016-01-19",22.29,24.52,22
"2016-01-20",24.52,25.5,23.68
"2016-01-21",24.18,25.09,23.4
"2016-01-22",23.57,24.11,22.77
"2016-01-25",23.65,24.63,23.77
"2016-01-26",24.2,23.91,21.78
"2016-01-27",21.8,22.4,19.67
"2016-01-28",20.75,20.88,19.1
"2016-01-29",19.1,20.85,18.93
"2016-02-01",20.81,20.99,20.22
"2016-02-02",20.5,22.09,20.61
"2016-02-03",22,22.15,21.46
"2016-02-04",22.08,23.86,22.1
"2016-02-05",22.98,24.29,22.98
"2016-02-15",23.09,23.33,21.23
"2016-02-16",23.23,24.1,23.2
"2016-02-17",23.99,24.18,23.56
"2016-02-18",24.02,24.16,23.51
"2016-02-19",23.98,24.13,23.32
"2016-02-22",23.88,24.58,23.71
"2016-02-23",24.5,24.56,23.78
"2016-02-24",23.97,24.13,23.35
"2016-02-25",24.05,24,21.65
"2016-02-26",21.66,22.5,21.1
"2016-02-29",21.63,21.37,19.51
"2016-03-01",20.55,21.5,20.01
"2016-03-02",21.27,22.45,21.11
"2016-03-03",22.25,22.85,22.01
"2016-03-04",22.01,22.2,20.7
"2016-03-07",22.16,24.38,21.83
"2016-03-08",22.94,22.98,21.04
"2016-03-09",22.83,22.5,21.8
"2016-03-10",22.16,22.45,21.6
"2016-03-11",21.82,22.2,21.21
"2016-03-14",21.73,22.69,21.95
"2016-03-15",22.53,22.93,22.36
"2016-03-16",22.55,24.35,23.15
"2016-03-17",23.37,24.15,22.97
"2016-03-18",23.98,24.8,23.81
"2016-03-21",24.51,25.16,24.64
"2016-03-22",24.88,25.79,24.27
"2016-03-23",25.59,25.98,25.3
"2016-03-24",25.8,25.99,25.31
"2016-03-25",25.39,25.9,25.08
"2016-03-28",25.8,26.8,25.5
"2016-03-29",26.09,26.48,25.81
"2016-03-30",26,26.91,25.41
"2016-03-31",26.75,27.99,26.82
"2016-04-01",27.68,27.95,27.05
"2016-04-05",27.7,0,0
"2016-04-06",27.7,0,0
"2016-04-07",27.7,0,0
"2016-04-08",27.7,0,0
"2016-04-11",27.7,0,0
"2016-04-12",27.7,0,0
"2016-04-13",27.7,0,0
"2016-04-14",27.7,0,0
"2016-04-15",27.7,0,0
"2016-04-18",27.7,0,0
"2016-04-19",27.7,0,0
"2016-04-20",27.7,0,0
"2016-04-21",27.7,0,0
"2016-04-22",27.7,0,0
"2016-04-25",27.7,0,0
"2016-04-26",27.7,0,0
"2016-04-27",27.7,0,0
"2016-04-28",27.7,0,0
"2016-04-29",27.7,0,0
"2016-05-03",27.7,0,0
"2016-05-04",27.7,0,0
"2016-05-05",27.7,0,0
"2016-05-06",27.7,0,0
"2016-05-09",27.7,0,0
"2016-05-10",27.7,0,0
"2016-05-11",27.7,0,0
"2016-05-12",27.7,0,0
"2016-05-13",27.7,0,0
"2016-05-16",27.7,0,0
"2016-05-17",27.7,0,0
"2016-05-18",27.7,0,0
"2016-05-19",27.7,0,0
"2016-05-20",27.7,0,0
"2016-05-23",27.7,0,0
"2016-05-24",27.7,0,0
"2016-05-25",27.7,0,0
"2016-05-26",13.78,0,0
"2016-05-27",13.78,0,0
"2016-05-30",13.78,0,0
"2016-05-31",13.78,15.16,15.16
"2016-06-01",15.16,16.68,16.68
"2016-06-02",16.68,18.35,18.35
"2016-06-03",18.35,20.19,20.19
"2016-06-06",20.19,22.21,22.21
"2016-06-07",22.21,24.43,24.43
"2016-06-08",24.43,0,0
"2016-06-13",24.43,0,0
"2016-06-14",24.43,26.87,26.87
"2016-06-15",26.87,29.56,29.56
"2016-06-16",29.56,32.52,32.52
"2016-06-17",32.52,35.77,35.77
"2016-06-20",35.77,39.35,37.5
"2016-06-21",39.35,43.29,37.78
"2016-06-22",43.29,43.27,39.1
"2016-06-23",39.9,40.8,37.9
"2016-06-24",38.91,39.3,36.65
"2016-06-27",37.05,38.39,36.11
"2016-06-28",37.75,41.53,36.8
"2016-06-29",41.53,45.68,40
"2016-06-30",45.68,50.25,45.68
"2016-07-01",48.08,51.15,46.65
"2016-07-04",46.8,46.75,44.31
"2016-07-05",45.51,47.54,45.08
"2016-07-06",45.38,47.49,43.61
"2016-07-07",47.06,50.48,46.36
"2016-07-08",47.88,48.98,46.03
"2016-07-11",46.07,47.47,44.72
"2016-07-12",44.77,45.07,43.17
"2016-07-13",44.77,45.99,44.1
"2016-07-14",45.58,46.59,44.68
"2016-07-15",45.02,45.9,43.91
"2016-07-18",44.65,45.58,43.88
"2016-07-19",44.68,44.85,43.16
"2016-07-20",44.16,44.67,43.81
"2016-07-21",43.97,47,43.99
"2016-07-22",45.68,45.4,43.3
"2016-07-25",43.38,43.3,41.71
"2016-07-26",42.08,45.6,41.95
"2016-07-27",43.73,43.95,40.01
"2016-07-28",41.15,41.85,40.69
"2016-07-29",41.28,43.3,41.1
"2016-08-01",42.36,43,40.4
"2016-08-02",42.22,42.98,41.77
"2016-08-03",41.9,42.3,40.49
"2016-08-04",41.14,40.5,38.8
"2016-08-05",39.69,40.14,39.02
"2016-08-08",39.53,39.49,37.25
"2016-08-09",37.29,38.7,36.18
"2016-08-10",38,38.35,37.61
"2016-08-11",37.8,38.12,36.61
"2016-08-12",36.98,37.63,36.7
"2016-08-15",37.27,38.94,36.2
"2016-08-16",37.92,41.71,37.81
"2016-08-17",41.71,42.47,40.5
"2016-08-18",40.8,40.96,39.66
"2016-08-19",40.25,40.25,39.2
"2016-08-22",39.69,40.72,39.38
"2016-08-23",39.65,40.44,39.29
"2016-08-24",39.7,41.5,39.31
"2016-08-25",40.8,41.83,39.77
"2016-08-26",40.52,42.25,40.2
"2016-08-29",41.6,41.46,40.2
"2016-08-30",40.3,40.44,38.5
"2016-08-31",38.85,39.25,38.46
"2016-09-01",38.85,40.36,38.51
"2016-09-02",39.72,40.49,38.75
"2016-09-05",38.9,39.27,38.3
"2016-09-06",38.56,39.12,38.08
"2016-09-07",38.93,39.4,38.7
"2016-09-08",38.86,38.99,38.47
"2016-09-09",38.61,40,38.61
"2016-09-12",39.09,39.87,38.11
"2016-09-13",39.18,39.7,38.7
"2016-09-14",39.22,40.8,39
"2016-09-19",39.73,42.39,39.9
"2016-09-20",41.52,45.52,40.88
"2016-09-21",44.3,48.3,43.52
"2016-09-22",46.55,50.75,45
"2016-09-23",48.52,49.9,46.68
"2016-09-26",47.52,47.31,44.51
"2016-09-27",44.9,45.82,44.89
"2016-09-28",45.19,49.5,45.7
"2016-09-29",47.2,0,0
"2016-09-30",47.2,0,0
"2016-10-10",47.2,0,0
"2016-10-11",47.2,0,0
"2016-10-12",47.2,51.92,50.1
"2016-10-13",51.6,52.9,49.02
"2016-10-14",51.93,51.68,50.46
"2016-10-17",51.28,56.41,51
"2016-10-18",54.16,54.95,51.91
"2016-10-19",52.85,54.97,51.96
"2016-10-20",54.38,53.9,52.01
"2016-10-21",52.09,53.5,51.27
"2016-10-24",52.38,53,51.01
"2016-10-25",51.75,52.33,49.51
"2016-10-26",50.23,51.68,50
"2016-10-27",50.62,50.88,49.51
"2016-10-28",50.05,49.8,47.8
"2016-10-31",48.04,49.7,48.07
"2016-11-01",49.34,49.5,48.4
"2016-11-02",49.38,52.52,48.5
"2016-11-03",51.2,56,50.44
"2016-11-04",54.98,57.35,54
"2016-11-07",55.37,56.36,53.55
"2016-11-08",53.62,54.42,52.61
"2016-11-09",53.66,54.48,51.33
"2016-11-10",52.25,53,51.8
"2016-11-11",52.97,52.6,50.81
"2016-11-14",50.86,50.8,45.77
"2016-11-15",49.7,49.79,48.5
"2016-11-16",49,50.99,49.2
"2016-11-17",50.47,50.78,49.5
"2016-11-18",49.83,50.37,49.45
"2016-11-21",49.5,49.9,48.59
"2016-11-22",48.87,49.99,48.81
"2016-11-23",49.31,50.9,49
"2016-11-24",49.98,51.1,49
"2016-11-25",50.04,49.99,48.5
"2016-11-28",49.13,49.67,47.95
"2016-11-29",48.01,48.31,46.76
"2016-11-30",47.06,47.45,46.28
"2016-12-01",46.43,47.25,45.9
"2016-12-02",46.95,47.35,46.1
"2016-12-05",46.22,45.58,43.83
"2016-12-06",44.21,44.6,43.45
"2016-12-07",44.27,47.5,44.37
"2016-12-08",47,47.5,45.91
"2016-12-09",47.06,47.09,46.21
"2016-12-12",47,49.01,46.2
"2016-12-13",46.64,46.36,41.98
"2016-12-14",45.09,45,42.54
"2016-12-15",42.97,44.19,41.9
"2016-12-16",43.31,44.5,42.8
"2016-12-19",43.95,44.72,43.3
"2016-12-20",43.32,43.71,42.9
"2016-12-21",43,44,42.29
"2016-12-22",42.45,42.8,41.74
"2016-12-23",42.15,42.5,41.05
"2016-12-26",41.32,41.46,39.01
"2016-12-27",41.09,43.18,40.57
"2016-12-28",42.66,42.8,41.56
"2016-12-29",41.57,41.89,40.88
"2016-12-30",41.51,42.1,41.11
"2017-01-03",41.54,42.4,41.66
"2017-01-04",42.25,43.49,42
"2017-01-05",43.04,45.16,42.67
"2017-01-06",43.32,43.3,42.23
"2017-01-09",42.31,43.58,42.28
"2017-01-10",42.35,42.79,41.51
"2017-01-11",41.97,42.45,41.47
"2017-01-12",42.06,42.25,41.06
"2017-01-13",41.16,41.58,39.8
"2017-01-16",39.92,40.34,36.69
"2017-01-17",38.3,39.07,38
"2017-01-18",38.94,39.4,38.64
"2017-01-19",38.84,40.99,39.03
"2017-01-20",39.35,40.18,39.06
"2017-01-23",39.7,40.25,39.69
"2017-01-24",40.12,41.25,39.71
"2017-01-25",40.51,42,40
"2017-01-26",40.69,43.28,41.81
"2017-02-03",42.02,42.69,41.56
"2017-02-06",41.75,42.48,41.58
"2017-02-07",41.95,42.35,41.69
"2017-02-08",42.02,42.25,41.18
"2017-02-09",41.9,42.48,41.7
"2017-02-10",42.28,43.49,42.29
"2017-02-13",42.32,42.55,41.6
"2017-02-14",42.18,42.39,41.88
"2017-02-15",42.05,42.34,41.08
"2017-02-16",41.81,42.15,41.18
"2017-02-17",41.29,41.42,40.3
"2017-02-20",40.39,40.87,39.11
"2017-02-21",40.05,42.27,39.7
"2017-02-22",41.99,45.98,42.17
"2017-02-23",45.63,50.19,47.33
"2017-02-24",50.19,55.21,52
"2017-02-27",55.21,60.73,57.69
"2017-02-28",60.73,66.8,64.55
"2017-03-01",66.8,73.48,64.6
"2017-03-02",70,69.83,64.6
"2017-03-03",67.91,66.79,62.3
"2017-03-06",62.6,63.8,62.02
"2017-03-07",63.06,64.91,61.88
"2017-03-08",63.6,66.98,62.03
"2017-03-09",65.4,64.41,62.12
"2017-03-10",62.3,63.96,62.06
"2017-03-13",62.91,63.9,60.33
"2017-03-14",60.89,61.56,60
"2017-03-15",61.1,60.65,59.5
"2017-03-16",59.52,60.6,59.52
"2017-03-17",60.2,61.88,59.78
"2017-03-20",61.03,60.65,58.16
"2017-03-21",58.91,59,58
"2017-03-22",58.99,59.95,58.5
"2017-03-23",59.3,59.19,58.01
"2017-03-24",58.82,59.33,58.3
"2017-03-27",58.91,61.97,58.52
"2017-03-28",61.12,60.61,59.01
"2017-03-29",59.14,59.48,58
"2017-03-30",58.64,59.3,55.21
"2017-03-31",55.85,56.3,55.34
"2017-04-05",55.76,57.57,54.01
"2017-04-06",56.21,57.28,55.71
"2017-04-07",56.1,57.5,55.65
"2017-04-10",56.67,56.5,55
"2017-04-11",55.16,56.5,54.4
"2017-04-12",56.34,56.14,54.87
"2017-04-13",54.9,55.4,54.5
"2017-04-14",54.56,54.38,52.29
"2017-04-17",52.21,52.21,50
"2017-04-18",50.48,51.16,50.34
"2017-04-19",50.49,50.4,49.12
"2017-04-20",50.23,53.4,49.96
"2017-04-21",51.27,51.8,50.3
"2017-04-24",50.45,50.3,47.5
"2017-04-25",48.02,48.88,48.02
"2017-04-26",48.3,49.28,48.36
"2017-04-27",48.57,49.78,46.89
"2017-04-28",49.69,50.3,48.95
"2017-05-02",49.79,51.44,49.3
"2017-05-03",50.73,51.25,50.3
"2017-05-04",50.56,50.81,49.8
"2017-05-05",49.81,50,48.54
"2017-05-08",48.54,49.77,47.78
"2017-05-09",48.63,51.01,48.3
"2017-05-10",50.5,50.9,49.7
"2017-05-11",49.89,49.4,48
"2017-05-12",49.09,50.99,49.05
"2017-05-15",50.89,50.8,49.99
"2017-05-16",50.22,55.24,50.11
"2017-05-17",55.24,56.38,53.5
"2017-05-18",53.71,54.49,52.61
"2017-05-19",53.69,54.28,52
"2017-05-22",52.88,53.4,52.01
"2017-05-23",52.48,57.5,52.12
"2017-05-24",54.16,57,52
"2017-05-25",56.9,58.4,55.8
"2017-05-26",56.32,57.88,55.5
"2017-05-31",56,56.57,53.7
"2017-06-01",53.71,54.46,52.52
"2017-06-02",53.98,53.9,52
"2017-06-05",53.29,55.54,53.92
"2017-06-06",54.55,54.55,53.3
"2017-06-07",53.55,54.85,53.21
"2017-06-08",54.85,55.09,53.72
"2017-06-09",53.94,54.46,52.62
"2017-06-12",53.05,53.05,51.5
"2017-06-13",51.71,51.98,50.7
"2017-06-14",51.96,52.29,51.19
"2017-06-15",51.22,51.63,51.22
"2017-06-16",51.37,51.36,50.2
"2017-06-19",50.46,51.98,50.77
"2017-06-20",51.34,51.71,50.84
"2017-06-21",51.05,51.55,50.64
"2017-06-22",50.77,51.25,50.36
"2017-06-23",50.41,50.15,48.81
"2017-06-26",49.7,51.25,49.71
"2017-06-27",51.2,51.68,50.76
"2017-06-28",50.95,51.15,50.2
"2017-06-29",50.28,51.15,50.29
"2017-06-30",50.62,54.5,50.66
"2017-07-03",53.16,53.8,52.3
"2017-07-04",52.99,52.94,51.8
"2017-07-05",51.99,52.6,51.9
"2017-07-06",52.22,53.24,51.88
"2017-07-07",52.27,52.18,51.34
"2017-07-10",51.69,51.95,50.83
"2017-07-11",51,51.6,50.75
"2017-07-12",51.08,51.37,50.21
"2017-07-13",50.61,50.93,50.21
"2017-07-14",50.48,52,49.91
"2017-07-17",51.4,51.1,46.5
"2017-07-18",49.09,49.69,48.85
"2017-07-19",49.36,50,49.37
"2017-07-20",49.85,50.19,49.65
"2017-07-21",49.7,49.89,49.3
"2017-07-24",49.4,49.6,49
"2017-07-25",49.3,49.67,49.21
"2017-07-26",49.36,49.68,49.04
"2017-07-27",49.2,49.5,48.2
"2017-07-28",49.39,49.47,49.01
"2017-07-31",49.12,49.2,48.7
"2017-08-01",49.01,49.4,49.01
"2017-08-02",49.16,49.25,48.76
"2017-08-03",48.77,49.18,48.6
"2017-08-04",48.96,49.15,48.76
"2017-08-07",48.86,49.07,48.7
"2017-08-08",48.9,48.97,48.5
"2017-08-09",48.81,48.89,48.6
"2017-08-10",48.65,50.79,48.4
"2017-08-11",49.71,49.37,48.65
"2017-08-14",48.66,49.14,48.7
"2017-08-15",49.07,50.75,49
"2017-08-16",50.29,50.34,49.82
"2017-08-17",50.11,52.27,49.75
"2017-08-18",51.42,51.96,50.8
"2017-08-21",51.84,52.85,51.56
"2017-08-22",51.94,51.89,50.81
"2017-08-23",50.95,51.35,50.5
"2017-08-24",50.71,51.88,50.34
"2017-08-25",51.36,51.77,51.15
"2017-08-28",51.45,51.47,50.6
"2017-08-29",51.13,51.42,50.8
"2017-08-30",50.84,51.34,50.85
"2017-08-31",51.05,51.17,50.53
"2017-09-01",50.82,51.34,50.6
"2017-09-04",50.78,50.94,50.31
"2017-09-05",50.79,51.78,50.51
"2017-09-06",51.49,51.33,50.82
"2017-09-07",50.87,50.97,50.48
"2017-09-08",50.48,50.76,50.4
"2017-09-11",50.47,50.84,50.2
"2017-09-12",50.31,50.69,50.26
"2017-09-13",50.55,50.8,50.41
"2017-09-14",50.54,52.49,50.75
"2017-09-15",51.49,52.22,50.9
"2017-09-18",51.32,53.77,51.3
"2017-09-19",53.29,57.96,52.85
"2017-09-20",56.41,57.02,55.12
"2017-09-21",55.78,56.8,54.76
"2017-09-22",54.86,54.99,53.01
"2017-09-25",53.23,53.83,52.02
"2017-09-26",52.15,53.35,52.15
"2017-09-27",52.78,54.98,52.45
"2017-09-28",54.11,54.91,53.68
"2017-09-29",54.18,54.98,53.8
"2017-10-09",54.98,55.93,54.41
"2017-10-10",55.17,57.07,54.87
"2017-10-11",56,58.97,56.33
"2017-10-12",56.52,57.5,54.89
"2017-10-13",55.5,56.79,55.56
"2017-10-16",56.34,56.8,55
"2017-10-17",55.02,57.77,54.7
"2017-10-18",57.31,57.38,56
"2017-10-19",56.38,57.5,56.16
"2017-10-20",56.99,59.98,57
"2017-10-23",59.27,59.24,58.1
"2017-10-24",59.1,59.15,57.4
"2017-10-25",58.1,58.55,57.32
"2017-10-26",58.03,58.98,58.11
"2017-10-27",58.62,59.4,57.66
"2017-10-30",58.16,58.79,56.01
"2017-10-31",56.83,60,56.9
"2017-11-01",59.92,62.78,59
"2017-11-02",61.1,62.14,60.2
"2017-11-03",61.28,62.08,59.9
"2017-11-06",60.71,61.5,59.49
"2017-11-07",61.3,61.2,60.19
"2017-11-08",60.76,61.25,59.98
"2017-11-09",60.74,60.7,59.17
"2017-11-10",59.96,60.55,59
"2017-11-13",60.32,60.32,57.8
"2017-11-14",57.93,58.15,54.95
"2017-11-15",55.3,56.29,55.03
"2017-11-16",55.45,55.94,54.7
"2017-11-17",54.71,54,52.02
"2017-11-20",52.71,54,50.8
"2017-11-21",53.81,54.36,53
"2017-11-22",54.12,54.65,53.45
"2017-11-23",53.58,53.5,51.73
"2017-11-24",51.98,52.52,51.23
"2017-11-27",51.92,52.35,50.83
"2017-11-28",50.95,52,50.5
"2017-11-29",51.68,51.88,50.52
"2017-11-30",51.16,51.49,50.8
"2017-12-01",51.22,51.79,50.84
"2017-12-04",51.67,51.65,50.88
"2017-12-05",51.15,51.53,50.74
"2017-12-06",50.91,51,49.71
"2017-12-07",50.48,50.62,48.69
"2017-12-08",49.11,50.18,48.5
"2017-12-11",50.07,51.77,50.08
"2017-12-12",51.57,51.89,51.14
"2017-12-13",51.19,51.67,51
"2017-12-14",51.4,51.98,51.12
"2017-12-15",51.45,51.44,50.8
"2017-12-18",50.91,50.99,50
"2017-12-19",50.02,50.95,50.13
"2017-12-20",50.7,51.86,50.5
"2017-12-21",51.56,51.83,51.11
"2017-12-22",51.38,51.99,51.37
"2017-12-25",51.59,51.85,51.16
"2017-12-26",51.26,51.74,51.26
"2017-12-27",51.34,51.64,50.41
"2017-12-28",50.55,50.76,50.01
"2017-12-29",50.25,50.92,50.25
"2018-01-02",50.36,50.7,50.35
"2018-01-03",50.57,50.7,50.2
"2018-01-04",50.67,53.23,50.7
"2018-01-05",53.15,53.15,52
"2018-01-08",52.42,52.43,51.23
"2018-01-09",51.72,52.4,51.31
"2018-01-10",51.99,52.1,51.02
"2018-01-11",51.39,51.79,51
"2018-01-12",51.54,51.65,51.2
"2018-01-15",51.46,51.46,50.01
"2018-01-16",50.21,50.74,50.1
"2018-01-17",50.31,50.7,50.06
"2018-01-18",50.6,50.74,49.83
"2018-01-19",50.12,50.27,49.7
"2018-01-22",49.88,50.39,48.5
"2018-01-23",49.96,50.92,49.99
"2018-01-24",50.73,50.89,50.18
"2018-01-25",50.74,50.98,50.2
"2018-01-26",50.53,50.86,50.38
"2018-01-29",50.53,50.75,49.85
"2018-01-30",49.86,50.45,49.82
"2018-01-31",50.3,50.3,49.4
"2018-02-01",49.93,50.2,48.7
"2018-02-02",49.14,49.7,48.5
"2018-02-05",49.38,49.29,47.99
"2018-02-06",48.08,47.7,46.01
"2018-02-07",46.65,47.6,44.02
"2018-02-08",45.93,46.4,44.94
"2018-02-09",46.07,45.59,44.7
"2018-02-12",45,45.95,45
"2018-02-13",45.89,47.55,46.26
"2018-02-14",46.57,47.47,46.61
"2018-02-22",47.03,48.89,47.27
"2018-02-23",47.8,48.03,47.51
"2018-02-26",47.78,52.56,48.5
"2018-02-27",51.5,52,50.68
"2018-02-28",50.82,50.81,48.95
"2018-03-01",49.87,50.57,49.5
"2018-03-02",50.4,51.3,49.5
"2018-03-05",50.58,51.31,50.55
"2018-03-06",50.67,51.59,50.3
"2018-03-07",51.2,51.58,50.8
"2018-03-08",50.9,52.33,50.8
"2018-03-09",52.07,52.05,51.1
"2018-03-12",51.72,52.01,51.41
"2018-03-13",51.67,51.8,51.09
"2018-03-14",51.39,52.46,51.8
"2018-03-15",52,51.95,51.01
"2018-03-16",51.11,51.6,50.11
"2018-03-19",50.59,51,50.28
"2018-03-20",50.55,51,50.1
"2018-03-21",50.21,50.82,49.95
"2018-03-22",50.02,50.31,48.89
"2018-03-23",49,48.75,46.55
"2018-03-26",48,48.51,47.02
"2018-03-27",48.45,49.65,48.31
"2018-03-28",48.74,51.54,49.8
"2018-03-29",50.02,50.12,49.32
"2018-03-30",49.54,49.9,49.31
"2018-04-02",49.65,49.88,48.6
"2018-04-03",49.65,49.37,48.62
"2018-04-04",48.77,49.06,48.6
"2018-04-09",48.83,49.1,48.11
"2018-04-10",48.7,49.1,48.55
"2018-04-11",48.98,49.3,48.85
"2018-04-12",49.14,49.25,48.88
"2018-04-13",48.99,49.5,48.91
"2018-04-16",48.95,49.1,48
"2018-04-17",48.15,48.6,47.36
"2018-04-18",47.38,47.78,47.2
"2018-04-19",47.61,48.97,47.7
"2018-04-20",48.49,48.44,47.56
"2018-04-23",47.58,47.96,47.27
"2018-04-24",47.35,48.55,46.55
"2018-04-25",48.28,48,46.96
"2018-04-26",47.3,47.5,47.02
"2018-04-27",47.05,47.69,46.5
"2018-05-02",46.84,47.44,46.84
"2018-05-03",47,47.35,46.69
"2018-05-04",46.89,47.27,46.78
"2018-05-07",46.89,47.29,46.89
"2018-05-08",47.25,50.3,47.31
"2018-05-09",49.26,49.26,48.43
"2018-05-10",48.55,48.76,48.11
"2018-05-11",48.65,49.6,48.02
"2018-05-14",49.25,49.2,48.84
"2018-05-15",48.95,49.5,48.51
"2018-05-16",48.99,49.18,48.58
"2018-05-17",48.71,49.47,48.71
"2018-05-18",48.94,48.93,48.03
"2018-05-21",48.43,48.77,48.31
"2018-05-22",48.43,48.65,48.18
"2018-05-23",48.65,48.57,47.92
"2018-05-24",47.97,48.05,47.47
"2018-05-25",47.53,47.56,47
"2018-05-28",47.2,47.56,47.2
"2018-05-29",47.4,47.55,47
"2018-05-30",47.2,48.13,46.82
"2018-05-31",47.82,48.75,47.1
"2018-06-01",48.4,48.78,47.58
"2018-06-04",48,47.9,46.88
"2018-06-05",47.41,47.51,47
"2018-06-06",47.23,48.6,47.18
"2018-06-07",48.34,48.92,47.96
"2018-06-08",48.06,48.05,47.3
"2018-06-11",47.5,47.79,47.24
"2018-06-12",47.49,47.51,46.34
"2018-06-13",46.97,46.96,46.2
"2018-06-14",46.21,46.53,46.15
"2018-06-15",46.26,46.38,45.67
"2018-06-19",45.82,45.8,44.19
"2018-06-20",44.98,45.26,44.7
"2018-06-21",45.03,45.5,44.85
"2018-06-22",44.85,45.44,44.2
"2018-06-25",45.29,45.98,44.89
"2018-06-26",44.91,45.2,44.5
"2018-06-27",45.16,45.25,44.66
"2018-06-28",44.89,45,44.07
"2018-06-29",44.13,45.1,44.13
"2018-07-02",45,45.55,44.83
"2018-07-03",44.96,45,44.2
"2018-07-04",44.9,44.94,44.52
"2018-07-05",44.6,44.89,42
"2018-07-06",42.91,44.29,41.98
"2018-07-09",43.79,44.95,43.79
"2018-07-10",44.88,45.09,44.16
"2018-07-11",44.78,44.9,43.5
"2018-07-12",44.25,45,43.93
"2018-07-13",44.92,45,44.76
"2018-07-16",44.9,44.95,44.2
"2018-07-17",44.6,45,44.5
"2018-07-18",44.91,45.12,44.7
"2018-07-19",45.01,45.8,44.5
"2018-07-20",44.97,45,44
"2018-07-23",44.84,44.97,44.4
"2018-07-24",44.94,45.09,44.66
"2018-07-25",45,45.61,44.88
"2018-07-26",44.9,45.05,44.28
"2018-07-27",44.35,44.57,43.98
"2018-07-30",43.99,44.15,43
"2018-07-31",43.4,43.6,42.86
"2018-08-01",43.28,43.98,41.89
"2018-08-02",42.71,43.5,41.63
"2018-08-03",43.05,43.5,42.5
"2018-08-06",42.6,43.17,40.8
"2018-08-07",41.25,43.88,41.8
"2018-08-08",43.8,43.35,42.48
"2018-08-09",42.56,43.5,42.13
"2018-08-10",43.5,43.65,43
"2018-08-13",43.47,43.65,42.57
"2018-08-14",43.45,43.51,42.91
"2018-08-15",43.4,43.34,42.52
"2018-08-16",42.74,42.72,41.76
"2018-08-17",41.87,42.4,41
"2018-08-20",41.3,41.74,40.25
"2018-08-21",40.59,42.5,40.31
"2018-08-22",42,42.4,41.75
"2018-08-23",41.8,41.69,40.7
"2018-08-24",41.1,41.68,40.92
"2018-08-27",41.43,41.93,40.7
"2018-08-28",41.73,41.66,41
"2018-08-29",41.08,41.53,40.76
"2018-08-30",41.11,41.46,40.7
"2018-08-31",41.06,41.05,40.03
"2018-09-03",40.26,40.33,37.98
"2018-09-04",38.5,39.54,38.5
"2018-09-05",39.3,39.6,38.08
"2018-09-06",38.19,39.21,38.25
"2018-09-07",38.3,39.8,38.7
"2018-09-10",39.08,39.43,38.5
"2018-09-11",39.08,39.38,38.38
"2018-09-12",38.5,39.3,38.4
"2018-09-13",38.74,39.64,38.81
"2018-09-14",39.45,40.45,39.4
"2018-09-17",40.21,40.65,39.77
"2018-09-18",40.45,40.71,40.04
"2018-09-19",40.66,42,40.52
"2018-09-20",41.73,41.71,40.58
"2018-09-21",41.1,43.78,40.36
"2018-09-25",43.78,43.47,42.11
"2018-09-26",42.23,43.55,42.2
"2018-09-27",43.21,43.2,42.37
"2018-09-28",42.62,43.06,42.45
"2018-10-08",42.94,42.33,40.68
"2018-10-09",40.78,41.18,40.35
"2018-10-10",40.91,41.2,40.5
"2018-10-11",41.02,40.65,36.92
"2018-10-12",39.05,40.28,38.02
"2018-10-15",40.01,41.5,40
"2018-10-16",40.54,41.14,39.45
"2018-10-17",40.02,40.73,38.3
"2018-10-18",39.85,39.73,38.54
"2018-10-19",38.89,40.17,38.7
"2018-10-22",40.17,41.82,40.16
"2018-10-23",41.1,41.56,40.3
"2018-10-24",40.54,41.36,40.06
"2018-10-25",40.58,41.5,38.96
"2018-10-26",40.95,41.3,39.82
"2018-10-29",40.31,39,36.28
"2018-10-30",37.5,37.77,36.6
"2018-10-31",37.13,37.95,37.13
"2018-11-01",37.7,38.45,37.85
"2018-11-02",38.1,39.29,38.41
"2018-11-05",39.06,39.4,38.38
"2018-11-06",38.68,39.1,37.81
"2018-11-07",38.19,38.59,38.17
"2018-11-08",38.41,38.87,37.71
"2018-11-09",37.76,38.11,37
"2018-11-12",37.27,37.69,36.91
"2018-11-13",37.48,37.92,36.82
"2018-11-14",37.69,37.97,37.37
"2018-11-15",37.51,37.86,37.4
"2018-11-16",37.56,38.15,37.51
"2018-11-19",37.77,38.03,37.55
"2018-11-20",37.88,38.15,37.48
"2018-11-21",37.69,37.69,37.18
"2018-11-22",37.69,37.95,37.29
"2018-11-23",37.43,37.63,36.81
"2018-11-26",36.98,37.4,36.64
"2018-11-27",36.75,36.95,35.82
"2018-11-28",36.16,36.39,36
"2018-11-29",36.36,36.67,35.06
"2018-11-30",35.26,35.75,35
"2018-12-03",35.2,36.56,35.79
"2018-12-04",36.45,36.59,36.11
"2018-12-05",36.4,36.2,35.8
"2018-12-06",36.12,35.9,35.21
"2018-12-07",35.34,35.89,35.22
"2018-12-10",35.89,35.8,35.3
"2018-12-11",35.53,35.66,35.38
"2018-12-12",35.56,35.97,35.5
"2018-12-13",35.77,36.03,35.51
"2018-12-14",35.9,35.78,35
"2018-12-17",35.02,35.3,34.4
"2018-12-18",34.8,34.8,33.96
"2018-12-19",33.99,34.1,33.05
"2018-12-20",33.12,33.11,32.5
"2018-12-21",32.7,33,32
"2018-12-24",33,32.95,32.32
"2018-12-25",32.95,32.92,31.8
"2018-12-26",32.7,32.79,32.12
"2018-12-27",32.75,33.18,32.56
"2018-12-28",32.75,33.02,32.5
"2019-01-02",32.75,32.71,32.21
"2019-01-03",32.71,32.88,32.23
"2019-01-04",32.73,32.99,32.11
"2019-01-07",32.95,32.91,32.62
"2019-01-08",32.8,32.8,32.4
"2019-01-09",32.71,33.49,32.89
"2019-01-10",33.16,33.2,32.62
"2019-01-11",32.82,33.16,32.72
"2019-01-14",32.88,33.15,32.11
"2019-01-15",32.6,32.6,32.22
"2019-01-16",32.6,32.6,32.3
"2019-01-17",32.6,32.7,32.32
"2019-01-18",32.44,32.85,32.37
"2019-01-21",32.75,33.29,32.59
"2019-01-22",33.18,33.2,32.32
"2019-01-23",32.49,32.44,31.13
"2019-01-24",31.56,31.6,30.62
"2019-01-25",30.95,31.48,30.69
"2019-01-28",31.03,31.71,31.02
"2019-01-29",31.46,31.44,30.73
"2019-01-30",31.18,31.32,30.78
"2019-01-31",30.78,31,29.85
"2019-02-01",29.91,32.38,30.3
"2019-02-11",31.8,32.58,31.78
"2019-02-12",32.3,32.5,32
"2019-02-13",32.43,33.25,32.13
"2019-02-14",33.03,35.95,32.85
"2019-02-15",34.98,35.88,34.44
"2019-02-18",35,35.82,34.88
"2019-02-19",35.45,36.8,35.33
"2019-02-20",35.73,37.64,36.27
"2019-02-21",37.28,37.8,36.68
"2019-02-22",36.9,37.78,36.2
"2019-02-25",37.07,38.55,36.9
"2019-02-26",38.03,38.09,36.7
"2019-02-27",36.9,36.79,36.15
"2019-02-28",36.35,36.99,36.13
"2019-03-01",36.27,36.82,36.23
"2019-03-04",36.64,37.14,36.6
"2019-03-05",36.78,37.19,36.3
"2019-03-06",37,37.13,36.5
"2019-03-07",36.91,37.01,36.15
"2019-03-08",36.49,36.47,34.56
"2019-03-11",34.64,36.17,35.05
"2019-03-12",36.1,36.85,35.94
"2019-03-13",36.31,36.3,35.3
"2019-03-14",35.44,35.79,34.88
"2019-03-15",35.3,35.99,35.1
"2019-03-18",35.99,36.4,35.45
"2019-03-19",36.26,36.26,35.4
"2019-03-20",35.65,35.79,35
"2019-03-21",35.51,35.59,35.03
"2019-03-22",35.11,34.85,34.25
"2019-03-25",34.54,35.15,33.73
"2019-03-26",34.92,35.65,34.73
"2019-03-27",35.3,36.21,35.23
"2019-03-28",35.96,36.09,35.28
"2019-03-29",35.6,36.86,35.31
"2019-04-01",36.62,38.87,37.1
"2019-04-02",37.29,37.47,36.75
"2019-04-03",36.88,37.5,37.07
"2019-04-04",37.3,36.4,35.28
"2019-04-08",36.03,36.55,35.68
"2019-04-09",36.27,36.4,35.68
"2019-04-10",35.93,36.12,35.33
"2019-04-11",35.93,36.04,35.07
"2019-04-12",35.35,35.44,34.93
"2019-04-15",34.98,35.49,34.6
"2019-04-16",34.65,35.05,34.3
"2019-04-17",35.05,35.33,34.9
"2019-04-18",35.06,35.24,34.74
"2019-04-19",34.77,34.95,34.58
"2019-04-22",34.9,35.2,33.91
"2019-04-23",34.31,34.35,33.65
"2019-04-24",33.93,35.36,34.3
"2019-04-25",35.05,35.35,34.22
"2019-04-26",34.35,34.55,33.54
"2019-04-29",33.59,33.99,33.01
"2019-04-30",33.07,33.32,32.77
"2019-05-06",33.07,32.69,31.25
"2019-05-07",31.5,32.18,31.37
"2019-05-08",31.73,31.54,30.94
"2019-05-09",31.19,31.19,30.39
"2019-05-10",30.84,31.46,30.35
"2019-05-13",31.27,31.27,30.62
"2019-05-14",31.02,30.96,30.5
"2019-05-15",30.76,31.14,30.8
"2019-05-16",30.97,31.12,30.8
"2019-05-17",30.98,31.09,30.1
"2019-05-20",30.22,30.45,29.89
"2019-05-21",30.41,30.78,30.3
"2019-05-22",30.63,30.61,30.2
"2019-05-23",30.26,30.26,29.9
"2019-05-24",29.9,30.2,29.9
"2019-05-27",29.94,30.14,29.7
"2019-05-28",30.03,30.24,29.81
"2019-05-29",30.02,31.1,30.11
"2019-05-30",30.68,30.68,29.82
"2019-05-31",30.06,30.1,29.83
"2019-06-03",29.88,32,29.8
"2019-06-04",30.04,29.83,28.9
"2019-06-05",29.13,29.32,28.81
"2019-06-06",28.87,28.85,28.46
"2019-06-10",28.51,29.56,28.67
"2019-06-11",29.22,29.66,29.2
"2019-06-12",29.56,29.58,29.15
"2019-06-13",29.51,29.96,29.25
"2019-06-14",29.82,30.08,29.68
"2019-06-17",29.88,30.08,29.6
"2019-06-18",30,30.27,29.67
"2019-06-19",30.2,31.56,30.35
"2019-06-20",31.24,31.33,30.97
"2019-06-21",31.05,31.34,31.01
"2019-06-24",31.15,33.16,31.2
"2019-06-25",32.61,32.76,32.07
"2019-06-26",32.64,33.8,32.16
"2019-06-27",33.52,34.5,33.4
"2019-06-28",34.26,34.5,33.77
"2019-07-01",33.96,34.71,33.67
"2019-07-02",33.95,34.6,33.68
"2019-07-03",34.21,34.72,33.91
"2019-07-04",34.17,34.53,33.97
"2019-07-05",34,34.3,33.93
"2019-07-08",33.93,34.34,33.09
"2019-07-09",33.98,33.94,33.34
"2019-07-10",33.68,33.92,33.33
"2019-07-11",33.62,33.97,33.36
"2019-07-12",33.6,34.1,33.26
"2019-07-15",33.95,34.3,32.81
"2019-07-16",33.98,34.41,33.5
"2019-07-17",33.64,33.83,33.11
"2019-07-18",33.66,33.5,33
"2019-07-19",33.3,34.18,33.5
"2019-07-22",34.08,34.22,33.51
"2019-07-23",33.8,34.16,33.57
"2019-07-24",33.92,35.95,33.89
"2019-07-25",35.6,36.44,35.25
"2019-07-26",36.37,36.7,35.88
"2019-07-29",36.28,37.6,36.05
"2019-07-30",36.89,37.27,36
"2019-07-31",36.32,37.85,36.26
"2019-08-01",37.2,37.4,36.4
"2019-08-02",37,37,36.02
"2019-08-05",36.8,36.77,35.86
"2019-08-06",35.86,36.28,34.78
"2019-08-07",35.75,36.2,35.1
"2019-08-08",35.11,35.53,34.3
"2019-08-09",34.9,35.91,34.91
"2019-08-12",35.63,35.87,34.8
"2019-08-13",35.49,35.89,34.74
"2019-08-14",35.27,37.15,35.45
"2019-08-15",36.5,36.86,35.79
"2019-08-16",36.53,37.21,35.74
"2019-08-19",36.91,38.4,37.45
"2019-08-20",38.08,39.3,37.71
"2019-08-21",39.15,39.77,38.8
"2019-08-22",39.3,40.04,38.63
"2019-08-23",39.35,39.8,38.85
"2019-08-26",39.06,39.88,38
"2019-08-27",39.45,40,38.14
"2019-08-28",39.6,42.11,39.2
"2019-08-29",40.88,41.66,40.26
"2019-08-30",40.55,41.88,40.41
"2019-09-02",41.42,42.08,40.05
"2019-09-03",40.47,40.58,39.5
"2019-09-04",39.95,40.23,39.1
"2019-09-05",39.76,39.99,39.46
"2019-09-06",39.65,39.82,39.26
"2019-09-09",39.44,39.8,38.6
"2019-09-10",39,39.46,38.69
"2019-09-11",38.7,38.87,38.05
"2019-09-12",38.7,38.95,38.5
"2019-09-16",38.72,40.01,38.7
"2019-09-17",39.51,40.4,39.05
"2019-09-18",39.87,41.14,39.92
"2019-09-19",41.11,42.15,40.5
"2019-09-20",40.91,41.28,40
"2019-09-23",40.4,40.24,38.88
"2019-09-24",39.23,39.63,38.71
"2019-09-25",38.75,38.99,37.69
"2019-09-26",37.8,38.28,37.2
"2019-09-27",38.01,39.36,37.39
"2019-09-30",39.21,40.12,38.98
"2019-10-08",39.42,39.7,37.91
"2019-10-09",38.18,40.84,37.81
"2019-10-10",40.51,41.5,40.15
"2019-10-11",41.16,41.78,40.65
"2019-10-14",41.4,42.1,41.16
"2019-10-15",41.38,41.48,39.8
"2019-10-16",41.3,43.3,41.43
"2019-10-17",41.57,42.73,40.93
"2019-10-18",41.08,41.74,40.76
"2019-10-21",40.92,42.73,40.76
"2019-10-22",42.5,43.57,41.83
"2019-10-23",43.32,43.35,41.18
"2019-10-24",41.5,41.39,39.93
"2019-10-25",40.43,40.98,39.86
